Master Sku,Product Name,Featured Y/N,Brand,Category(s),Main Ingredient(s),Goal(s),Supplier,Product Banner,Active Y/N
1001,Orange Oximega Fish Oil,N,CLS,HEA-C,VEG-I,IH-G,BT|PB,https://onlymuscle.co.uk/wp-content/uploads/2015/09/Controlled-Labs_Orange_Oximega_FishOil_Banner.jpg,Y
1002,White Flood Reborn,N,CLS,PRE-C,CIY-I,IW-G,BT|PB,https://onlymuscle.co.uk/wp-content/uploads/2015/09/Controlled-Labs_WhiteFloodReborn_Banner.jpg,Y
1003,White Pump,N,CLS,PRE-C,BETA-I,IS-G| IW-G| IE-G,BT|PB,https://onlymuscle.co.uk/wp-content/uploads/2015/09/Controlled-Labs_WhitePump_Banner.jpg,Y
1004,White Blood 2,N,CLS,PRE-C,GLYC-I,IS-G| IW-G| IE-G,BT|PB,https://onlymuscle.co.uk/wp-content/uploads/2015/09/Controlled-Labs_WhiteBlood2_Banner.jpg,Y
1005,STIMino,N,CLS,PRE-C,TAU-I| LLE-I,IE-G,BT|PB,https://onlymuscle.co.uk/wp-content/uploads/2015/09/Controlled-Labs_STIMino_Banner.jpg,Y
1006,Red Acid Reborn,N,CLS,FAT-C,GRE-I| SYZ-I,LF-G,BT|PB,https://onlymuscle.co.uk/wp-content/uploads/2015/09/Controlled-Labs_RedAcidReborn_Banner.jpg,Y
1007,Purple Wraath,N,CLS,POS-C,AMI-I,RE-G,BT|PB,https://onlymuscle.co.uk/wp-content/uploads/2015/09/Controlled-Labs_PurpleWraath_Banner.jpg,Y
1008,Orange TRIad,N,CLS,HEA-C,GLUC-I| MSM| OME-I,JS-G| IH-G,BT|PB,https://onlymuscle.co.uk/wp-content/uploads/2015/09/Controlled-Labs_OrangeTriad_Banner.jpg,Y
1009,Green Bulge,N,CLS,PRE-C,CRE-I,IS-G| IW-G| IE-G,BT|PB,https://onlymuscle.co.uk/wp-content/uploads/2015/09/Controlled-Labs_GreenBulge_Banner.jpg,Y
1010,Green MAGnitude,N,CLS,PRE-C,CRE-I,IW-G,BT|PB,https://onlymuscle.co.uk/wp-content/uploads/2015/09/Controlled-Labs_Green_Magnitude_Banner.jpg,Y
1011,Gold Feast,N,CLS,ALL-C,PRO-I| WHO-I,LF-G| GM-G,BT|PB,https://onlymuscle.co.uk/wp-content/uploads/2015/09/CL-Gold-Feast-Banner.jpg,Y
1012,GlycerGrow ,N,CLS,PRE-C,GLYC-I,BM-G,BT|PB,https://onlymuscle.co.uk/wp-content/uploads/2015/09/CL-Glycer-Grow-2-Banner.jpg,Y
1013,CREAmore,N,CLS,CRE-C,CRE-I| CREM-I,IW-G,BT|PB,https://onlymuscle.co.uk/wp-content/uploads/2015/09/CL-CreaMore-Banner.jpg,Y
1014,CLAmore,N,CLS,FAT-C,CON-I,LF-G,BT|PB,https://onlymuscle.co.uk/wp-content/uploads/2015/09/CL-CLA-More-Banner.jpg,Y
1015,Blue UP,N,CLS,TES-C,TRI-I| AVE-I,BM-G,BT|PB,https://onlymuscle.co.uk/wp-content/uploads/2015/09/CL-Blue-UP-Banner.jpg,Y
1016,Blue GrowtH,N,CLS,AMI-C,SAF-I| MUC-I,BM-G,BT|PB,https://onlymuscle.co.uk/wp-content/uploads/2015/09/CL-Blue-Growth-Banner.jpg,Y
1017,NRGFuel BCAA,N,NRG,BCA-C| AMI-C,AMI-I| BCA-I,BM-G,NRG,https://onlymuscle.co.uk/wp-content/uploads/2015/09/NRG-BCAA-banner.jpg,Y
1018,Buzzin,N,NRG,PRE-C,MAL-I| CAR-I,IS-G| IW-G,NRG,https://onlymuscle.co.uk/wp-content/uploads/2015/09/NRG-BUZZIN-banner.jpg,Y
1019,O.M.G! Breakfast,N,NRG,MEA-C| FAT-C,PRO-I| CAS-I,BM-G| LF-G,NRG,https://onlymuscle.co.uk/wp-content/uploads/2015/09/NRG-OMG-Breakfast-banner.jpg,Y
1020,NRGFuel CLA+,N,NRG,FAT-C,CON-I,LF-G,NRG,https://onlymuscle.co.uk/wp-content/uploads/2015/09/NRG-CLA-banner.jpg,Y
1021,NRGFuel Casein Protein,N,NRG,PRO-C| PRO-C,PRO-I| CAS-I,BM-G,NRG,https://onlymuscle.co.uk/wp-content/uploads/2015/09/NRG-Casein-protein-banner.jpg,Y
1022,NRGFuel Diet Power,N,NRG,MEA-C,PAL-I,BM-G| GM-G,NRG,https://onlymuscle.co.uk/wp-content/uploads/2015/09/NRG-Diet-Power-banner.jpg,Y
1023,NRGFuel Creatine Monohydrate,N,NRG,CRE-C,CRE-I| CREM-I,IS-G| IW-G,NRG,https://onlymuscle.co.uk/wp-content/uploads/2015/09/NRG-creatine-monohydrate-banner.jpg,Y
1024,O.M.G! Protein Flapjacks,N,NRG,PRB-C,PRO-I| WHEY-I,BM-G,NRG,https://onlymuscle.co.uk/wp-content/uploads/2015/09/OMG-Protein-Flapjacks-banner.jpg,Y
1025,NRGfuel Anabolic Whey,N,NRG,PRO-C| ,WHEY-I,BM-G,NRG,https://onlymuscle.co.uk/wp-content/uploads/2015/09/NRG-Anabolic-Whey-banner.jpg,Y
1026,Nutrisport Protein + Carbs,N,NUTS,POS-C| ALL-C| MEA-C,WHEY-I| MAL-I| CAR-I,BM-G| GM-G| RE-G,TROP,https://onlymuscle.co.uk/wp-content/uploads/2015/09/Nutrisport_ProteinCarbs_Banner.jpg,Y
1027,Nutrisport Cut + Burn,N,NUTS,FAT-C,BET-I,LF-G,TROP,https://onlymuscle.co.uk/wp-content/uploads/2015/09/Nutrisport_CutBurn_Banner.jpg,Y
1028,Thermofuse,N,MUSW,FAT-C,BET-I,LF-G| IE-G,PB,https://onlymuscle.co.uk/wp-content/uploads/2015/09/Muscle-Warfare-Thermofuse1.jpg,Y
1029,The Ripper,N,COB  ,FAT-C,BET-I,LF-G,TROP|PB,https://onlymuscle.co.uk/wp-content/uploads/2015/09/Cobra-Labs-The-Ripper-Banner.jpg,Y
1030,Cobra Labs The Curse,N,COB  ,PRE-C,BET-I,IW-G| IE-G,TROP|PB,https://onlymuscle.co.uk/wp-content/uploads/2015/09/Cobra-Labs-the-curse-Banner.jpg,Y
1031,AD BullDoze,N,AD,HEA-C,VEL-I,IH-G,BT,https://onlymuscle.co.uk/wp-content/uploads/2015/09/Bulldoze-Banner.jpg,Y
1032,AD Grazed,N,AD,AMI-C,AMI-I,BM-G,BT,https://onlymuscle.co.uk/wp-content/uploads/2015/09/Grazed-banner.jpg,Y
1033,AD Bullk,N,AD,TES-C,BUL-I,BM-G,BT,https://onlymuscle.co.uk/wp-content/uploads/2015/09/Bullk-Banner.jpg,Y
1034,AD LiverMilk,N,AD,HEA-C,MIL-I,IH-G,BT,https://onlymuscle.co.uk/wp-content/uploads/2015/09/Liver-Milk-banner.jpg,Y
1035,AD InvinciBull,N,AD,HEA-C,GLUC-I| MSM,JS-G,BT,https://onlymuscle.co.uk/wp-content/uploads/2015/09/Invincibull-Banner.jpg,Y
1036,AminOD,N,PURL,BCA-C| AMI-C,AMI-I| BCA-I,BM-G,PB,https://onlymuscle.co.uk/wp-content/uploads/2015/09/Purus-Labs_AminOD_Banner.jpg,Y
1037,NOXygen,N,PURL,PRE-C,GLYC-I,IW-G| IE-G,PB,https://onlymuscle.co.uk/wp-content/uploads/2015/09/Purus-Labs_NOXygen_Banner.jpg,Y
1038,D-POL,N,PURL,TES-C,DAS-I,BM-G,PB,https://onlymuscle.co.uk/wp-content/uploads/2015/09/Purus-Labs_DPOL_Banner.jpg,Y
1039,Joint Devil,N,VYO,HEA-C,GLUC-I,JS-G,VYO,https://onlymuscle.co.uk/wp-content/uploads/2015/09/Vyomax_JointDevil_Banner.jpg,Y
1040,Vyomax Man Up,N,VYO,TES-C,5ME-I,BM-G,VYO,https://onlymuscle.co.uk/wp-content/uploads/2015/09/Vyomax_ManUp_Banner.jpg,Y
1041,Vyomax Maxi Carbs,N,VYO,MAS-C,MAL-I| CAR-I,GM-G,VYO,https://onlymuscle.co.uk/wp-content/uploads/2015/09/Vyomax_MaxiCarbs_Banner.jpg,Y
1042,Vyomax Creatine Monohydrate,N,VYO,CRE-C,CRE-I| CREM-I,IW-G,VYO,https://onlymuscle.co.uk/wp-content/uploads/2015/09/Vyomax_CreatineMonohydrate_Banner.jpg,Y
1043,Vyomax High protein oat Cookies,N,VYO,PRB-C,CAS-I,BM-G,VYO,https://onlymuscle.co.uk/wp-content/uploads/2015/09/Vyomax_OatCookies_Banner.jpg,Y
1044,Vyomax CLA,N,VYO,FAT-C,CON-I,LF-G,VYO,https://onlymuscle.co.uk/wp-content/uploads/2015/09/Vyomax_CLA_Banner.jpg,Y
1045,Vyomax Casein,N,VYO,PRO-C| PRO-C,PRO-I| CAS-I,BM-G,VYO,https://onlymuscle.co.uk/wp-content/uploads/2015/09/Vyomax_Casein_Banner.jpg,Y
1046,Vyomax BCAA Plus,N,VYO,BCA-C,BCA-I,IE-G,VYO,https://onlymuscle.co.uk/wp-content/uploads/2015/09/Vyomax_BCAA_Plus_Banner.jpg,Y
1047,Vyomax All in One,N,VYO,ALL-C,AMI-I| WHEY-I| CRE-I| CREM-I| CAR-I| GLUT-I,BM-G| IW-G,VYO,https://onlymuscle.co.uk/wp-content/uploads/2015/09/Vyomax_AllInOne_Banner.jpg,Y
1048,Nutrisport Whey Protein Isolate,N,NUTS,PRO-C| ,PRO-I| ISOWP-I,BM-G,TROP,https://onlymuscle.co.uk/wp-content/uploads/2015/09/Nutrisport_WheyProteinIsolate_Banner.jpg,Y
1049,Nutrisport Creatine Tablets,N,NUTS,CRE-C,CREM-I,IW-G,TROP,https://onlymuscle.co.uk/wp-content/uploads/2015/09/Nutrisport_CreatineTablets_Banner.jpg,Y
1050,Nutrisport Creatine,N,NUTS,CRE-C,CRE-I| CREM-I,IW-G,TROP,https://onlymuscle.co.uk/wp-content/uploads/2015/09/Nutrisport_creatine_Banner.jpg,Y
1051,Nutrisport Creatine Bombs,N,NUTS,CRE-C,CREM-I| DEX-I,IW-G,TROP,https://onlymuscle.co.uk/wp-content/uploads/2015/09/Nutrisport_creatineBombs_Banner.jpg,Y
1052,ATP Muscle Fuel,N,NUTS,POS-C| SPO-C,MAL-I| CAR-I,RE-G,TROP,https://onlymuscle.co.uk/wp-content/uploads/2015/09/Nutrisport_ATP_MuscleFuel_Banner.jpg,N
1053,Nutrisport Amino Acids,N,NUTS,AMI-C,AMI-I,BM-G| RE-G,TROP,https://onlymuscle.co.uk/wp-content/uploads/2015/09/Nutrisport_AminoAcids_Banner.jpg,N
1054,Amino Bombs,N,NUTS,AMI-C,AMI-I,BM-G| RE-G,TROP,https://onlymuscle.co.uk/wp-content/uploads/2015/09/Nutrisport_AminoBombs_Banner.jpg,N
1055,90+ Protein,N,NUTS,PRO-C,PRO-I| CAS-I| WHEY-I| Rice PRO-I| Soy PRO-I,BM-G,TROP,https://onlymuscle.co.uk/wp-content/uploads/2015/09/Nutrisport_90Protein_Banner.jpg,N
1056,90+ Vegan Protein,N,NUTS,PRO-C,Pea PRO-I| Rice PRO-I| Soy PRO-I,BM-G,TROP,https://onlymuscle.co.uk/wp-content/uploads/2015/09/Nutrisport_90VeganProtein_Banner.jpg,N
1057,Lean Force,N,GARN,FAT-C,GUA-I,LF-G,TROP,,N
1058,Extreme CLA,N,EXTR,FAT-C,CON-I,LF-G,EN,,N
1059,Extreme Carbs  ,N,EXTR,MAS-C,,,EN,,N
1060,Build and Recover,N,EXTR,POS-C,MAL-I| FRU-I,IS-G| RE-G,EN,,N
1061,Extreme Aminos,N,EXTR,AMI-C,,,EN,,N
1062,Mass Attack Juggernaut,N,BOD,MAS-C,WAX-I| CAR-I,GM-G,TRON,,N
1063,Protein Splash Iso Whey,N,BOD,PRO-C| ,WHEY-I| ISOWP-I,BM-G,TRON,,N
1064,Diet Express Whey,N,BOD,MEA-C,WHEY-I,BM-G,TRON,,N
1065,Express Cookies,N,BOD,PRB-C,CAS-I,BM-G| RE-G,TRON,,N
1066,GARN Creatine,N,GARN,CRE-C,CRE-I,IW-G,TROP,,N
1067,BodiPure Creatine,N,BOD,CRE-C,CRE-I| CREM-I,IW-G,TRON,,N
1068,Diet Pro Protein,N,SCMX,PRO-C,PRO-I,LF-G,TROP,,N
1069,Diet Pro Meal,N,SCMX,MEA-C,PRO-I,LF-G,TROP,,N
1070,Omni Mx Leancore,N,SCMX,PRO-C,BCA-I| WHEY-I| CRE-I| MAL-I,BM-G| IH-G,TROP,,N
1071,Omni Mx Hardcore,N,SCMX,PRO-C,WHEY-I,BM-G,TROP,,N
1072,High protein bars,N,VYO,PRB-C,PRO-I| CAS-I,BM-G,VYO,,N
1073,High Protein Flapjacks,N,VYO,PRB-C,PRO-I| ISOWP-I,BM-G,VYO,,N
1074,Deluxe Protein,N,VYO,PRO-C,PRO-I| WHEY-I,BM-G,VYO,,N
1075,Complex Carbs,N,GARN,MAS-C,MAL-I,IS-G| GM-G,TROP,,N
1076,Enrage,N,GARN,PRE-C,CRE-I| TAU-I| MAL-I| GUA-I,IW-G| IE-G,TROP,,N
1077,Anabolic Mass 2,N,GARN,MAS-C,WHEY-I| MAL-I| WAX-I,GM-G,TROP,,N
1078,As One40,N,GARN,ALL-C,PRO-I| AMI-I| BCA-I| BET-I| WHEY-I| CRE-I| TAU-I,BM-G| IW-G| IH-G| GM-G| RE-G,TROP,,N
1079,Weight Gain,N,NUTS,MAS-C,PRO-I,GM-G,TROP,https://onlymuscle.co.uk/wp-content/uploads/2015/09/Nutrisport_WeightGain_Banner.jpg,N
1080,Extreme Pro 6,N,EXTR,PRO-C,PRO-I,BM-G,EN,,N
1081,BCAA Professional,N,BOD,BCA-C,AMI-I| BCA-I,IE-G,TRON,,N
1082,Express Whey,N,BOD,Protein ,Protein|Whey Protein ,Build Muscle,TRON,,N
1083,Express Whey Anabolic,N,BOD,Protein ,Protein|Whey Protein ,Build Muscle,TRON,,N
1084,Express Protein XTR-4,N,BOD,Protein ,Protein,Build Muscle,TRON,,N
1085,TRON Essentials Just Protein,N,BOD,Protein ,Protein,Build Muscle,TRON,,N
1086,#XLR8 Extreme Energy Protein Flapjack,N,BOD,Protein Bars,Protein,Build Muscle,TRON,,N
1087,Express Cookies ,N,BOD,Protein Bars,Protein,Build Muscle,TRON,,N
1088,Casein Xtra,N,BOD,Protein,Protein|Micellar Casein Protein,Build Muscle,TRON,,N
1089,Profusion Reloaded,N,BOD,Protein ,Protein|Whey Protein ,Build Muscle,TRON,,N
1090,Mass Attack EVO,N,BOD,Mass gain,Protein Matrix|Carb Complex,Gain Mass,TRON,,N
1091,Mass Attack Heavyweight,N,BOD,Mass Gain ,,Gain Mass,TRON,,N
1092,BodiPure Glutamine,N,BOD,Post workout,Glutamine ,Recovery,TRON,,N
1093,Red Mist V2,N,BOD,Pre Workout,L-Taurine,Improve Workout,TRON,,N
1094,ZincMagnesium Complex,N,BOD,Build Muscle ,ZMA,Build muscle|Improve Workout,TRON,,N
1095,TestoFenXT,N,BOD,Testosterone Boosters,Fenugreek,Build muscle,TRON,,N
1096,D Aspartic Acid,N,BOD,,,,TRON,,N
1097,Express Carbs,N,BOD,,,,TRON,,N
1098,Intracell,N,BOD,,,,TRON,,N
1099,Splash RecoverEX,N,BOD,,,,TRON,,N
1100,Lypodryl Max Strength,N,BOD,,,,TRON,,N
1101,Bodipure Omega 3,N,BOD,,,,TRON,,N
1102,Bodi Armour,N,BOD,,,,TRON,,N
1103,Extreme BCA-311,N,EXTR,,,,EN,,N
1104,Extreme Creatine,N,EXTR,,,,EN,,N
1105,Extreme Mass,N,EXTR,Mass Gain ,,Gain Mass,EN,,N
1106,Extreme Whey,N,EXTR,Protein ,Protein|Whey Protein ,Build Muscle,EN,,N
1107,Glutamine Complex,N,EXTR,Post workout,Glutamine ,Recovery,EN,,N
1108,Krevolution X,N,EXTR,,Kre-Alkalyn,,EN,,N
1109,Pure L-Glutamine,N,EXTR,Post workout,Glutamine ,Recovery,EN,,N
1110,Reload,N,EXTR,,,,EN,,N
1111,Trib-Z,N,EXTR,,,,EN,,N
1112,50 calibre,N,GREN,Pre Workout,Beta-Alanine,Improve Workout,PROL|TROP,,N
1113,Calibre Preloaded,N,GREN,Pre Workout,Beta-Alanine,Improve Workout,PROL|TROP,,N
1114,AT4,N,GREN,,D-Aspartic Acid,Build Muscle,PROL|TROP,,N
1115,Black Ops,N,GREN,,,,PROL|TROP,,N
1116,Carb Killa Bar,N,GREN,Protein Bars,,Build Muscle,PROL|TROP,,N
1117,Defend,N,GREN,,,,PROL|TROP,,N
1118,Engage,N,GREN,,,,PROL|TROP,,N
1119,Hydra 6,N,GREN,,,,PROL|TROP,,N
1120,Killa Ketones,N,GREN,,,,PROL|TROP,,N
1121,Ration Pack,N,GREN,,,,PROL|TROP,,N
1122,Reload Flapjacks,N,GREN,Protein Bars,,Build Muscle,PROL|TROP,,N
1123,Thermo Detonator,N,GREN,,,,PROL|TROP,,N
1124,Muscle Mousse ,N,MUSM,Protein ,Protein,Build Muscle,PROL|TROP,,N
1125,Advanced Mass,N,PHD,Mass Gain ,,Gain Mass,PHDN,,N
1126,Advanced Mass Flapjack,N,PHD,Protein Bars,Protein|Whey Protein,Build Muscle|Gain Mass,PHDN,,N
1127,Amino Tablets,N,PHD,,,,PHDN,,N
1128,BCAA Intra+,N,PHD,,,,PHDN,,N
1129,BCAAs,N,PHD,,,,PHDN,,N
1130,Battery +/3,N,PHD,,,,PHDN,,N
1131,Beta Alanine Histidine,N,PHD,,,,PHDN,,N
1132,CLA,N,PHD,,,,PHDN,,N
1133,Carnitine Tartrate,N,PHD,,,,PHDN,,N
1134,Casein Peptide+,N,PHD,Protein,Protein|Micellar Casein Protein,Build Muscle,PHDN,,N
1135,Creapure Capsules,N,PHD,,,,PHDN,,N
1136,Diet Cookie,N,PHD,Protein Bars,Protein|Whey Protein ,Build Muscle,PHDN,,N
1137,Diet Whey,N,PHD,Protein ,Protein|Whey Protein ,Build Muscle|Lose Fat,PHDN,,N
1138,Diet Whey Bar,N,PHD,Protein Bars,Protein|Whey Protein ,Build Muscle,PHDN,,N
1139,Greens PH-7,N,PHD,,,,PHDN,,N
1140,Growth Factor 50 Brownies,N,PHD,Mass Gain|Protein Bars,,Gain Mass,PHDN,,N
1141,Growth Factor Mass,N,PHD,Mass Gain ,,Gain Mass,PHDN,,N
1142,L'Glutamine,N,PHD,Post workout,Glutamine ,Recovery,PHDN,,N
1143,L'leucine,N,PHD,,,,PHDN,,N
1144,Lean Degree Max Strength,N,PHD,,,,PHDN,,N
1145,Lean Degree Stim Free,N,PHD,,,,PHDN,,N
1146,Methoxy-7 test,N,PHD,Testosterone Boosters,Acetyl L-Carnitine,Build muscle,PHDN,,N
1147,Micronised creatine,N,PHD,,,,PHDN,,N
1148,Micronised Glutamine,N,PHD,Post workout,Glutamine ,Recovery,PHDN,,N
1149,Omega-3,N,PHD,,,,PHDN,,N
1150,Pharma Blend 6HR,N,PHD,,,,PHDN,,N
1151,Pharma Gain,N,PHD,,,,PHDN,,N
1152,Pharma Pure,N,PHD,,,,PHDN,,N
1153,Pharma Whey HT+,N,PHD,Protein ,Protein|Whey Protein ,Build Muscle,PHDN,,N
1154,Pharma Whey HT+ Bars,N,PHD,Protein Bars,Protein|Whey Protein ,Build Muscle,PHDN,,N
1155,Pro Oat Cookies,N,PHD,,,,PHDN,,N
1156,Protein Flapjacks +,N,PHD,Protein Bars,Protein|Whey Protein ,Build Muscle,PHDN,,N
1157,Re-Inforce,N,PHD,,,,PHDN,,N
1158,Recovery 2:1,N,PHD,,,,PHDN,,N
1159,Synergy Bars ISO-7,N,PHD,Protein Bars,Protein|Whey Protein ,Build Muscle,PHDN,,N
1160,Synergy ISO-7,N,PHD,,,,PHDN,,N
1161,VMX2,N,PHD,,,,PHDN,,N
1162,Waxy Vol,N,PHD,,,,PHDN,,N
1163,ZMA,N,PHD,Build Muscle ,ZMA,Build muscle|Improve Workout,PHDN,,N
1164,Body Sculpt lean degree,N,PHDW,,,,BT|TROP,,N
1165,CLA Woman,N,PHDW,,,,BT|TROP,,N
1166,Complete,N,PHDW,,,,BT|TROP,,N
1167,Greens and berries,N,PHDW,,,,BT|TROP,,N
1168,Meal Replacment,N,PHDW,,,,BT|TROP,,N
1169,Meal Replacment bars,N,PHDW,Protein Bars,Protein|Whey Protein ,Build Muscle,BT|TROP,,N
1170,Support & Recovery,N,PHDW,,,,BT|TROP,,N
1171,100% Whey,N,REFL,Protein ,Protein|Whey Protein ,Build Muscle,REF,,N
1172,Acetyl-L-Carnitine,N,REFL,,,,REF,,N
1173,Alpha Lipoic Acid,N,REFL,,,,REF,,N
1174,BCAAs,N,REFL,,,,REF,,N
1175,CLA,N,REFL,,,,REF,,N
1176,Coenzyme Q10,N,REFL,,,,REF,,N
1177,Colostrum Capsules,N,REFL,,,,REF,,N
1178,Cordyceps,N,REFL,,,,REF,,N
1179,Creapure Capsules,N,REFL,,,,REF,,N
1180,Creatine Monohydrate,N,REFL,,,,REF,,N
1181,Diet MRP,N,REFL,Meal Replacement,Protein Matrix,Lose Fat|Build Muscle,REF,,N
1182,Diet Protein,N,REFL,Protein ,Protein|Whey Protein ,Lose Fat|Build Muscle,REF,,N
1183,Ginkgo Biloba Extract,N,REFL,Protein Bars,Protein|Whey Protein ,Build Muscle,REF,,N
1184,Glucosamine Chondroitin,N,REFL,,,,REF,,N
1185,Glucosamine Sulphate,N,REFL,,,,REF,,N
1186,Green Tea Extract,N,REFL,,,,REF,,N
1187,Growth Matrix,N,REFL,Mass Gain ,,Gain Mass,REF,,N
1188,Instant Mass Heavyweight,N,REFL,Mass Gain ,,Gain Mass,REF,,N
1189,Instant Mass Pro,N,REFL,Mass Gain ,,Gain Mass,REF,,N
1190,Instant Whey Duo,N,REFL,Protein ,Protein|Whey Protein ,Build Muscle,REF,,N
1191,Instant Whey Pro,N,REFL,Protein ,Protein|Whey Protein ,Build Muscle,REF,,N
1192,Intra Fusion,N,REFL,,,,REF,,N
1193,Krill Oil,N,REFL,,,,REF,,N
1194,L-Carnitine,N,REFL,,,,REF,,N
1195,L-Glutamine,N,REFL,Post workout,Glutamine ,Recovery,REF,,N
1196,Reflex Micellar Casein,N,REFL,Protein,Protein|Micellar Casein Protein,Build Muscle,REF,,N
1197,Micro Whey,N,REFL,Protein ,Protein|Whey Protein ,Build Muscle,REF,,N
1198,Muscle Bomb,N,REFL,,,,REF,,N
1199,Muscle Bomb Non Caffeine,N,REFL,,,,REF,,N
1200,Natural Whey,N,REFL,Protein ,Protein|Whey Protein ,Build Muscle,REF,,N
1201,Nexgen,N,REFL,,,,REF,,N
1202,Nexgen Pro,N,REFL,,,,REF,,N
1203,Omega 3,N,REFL,,,,REF,,N
1204,One Stop,N,REFL,,,,REF,,N
1205,Peptide Fusion,N,REFL,,,,REF,,N
1206,R Bar Flapjack,N,REFL,Protein ,Protein|Whey Protein ,Build Muscle,REF,,N
1207,R-Bar,N,REFL,Protein ,Protein|Whey Protein ,Build Muscle,REF,,N
1208,Sports Antioxidants,N,REFL,,,,REF,,N
1209,Testo Fusion,N,REFL,Testosterone Boosters,Fenugreek,Build muscle,REF,,N
1210,The Edge,N,REFL,,,,REF,,N
1211,Thermo Fusion,N,REFL,,,,REF,,N
1212,Vegan Protein,N,REFL,Protein ,Protein|Plant Protein,Build Muscle,REF,,N
1213,Vitamin D3,N,REFL,,,,REF,,N
1214,Zinc Matrix,N,REFL,Build Muscle ,Zinc,Build muscle|Improve Workout,REF,,N
1215,One Stop Xtreme,N,REFL,,,,REF,,N
1216,BCAA 8-1-1 Extreme Hybrid Powder,N,VYO,,,,VYO,https://onlymuscle.co.uk/wp-content/uploads/2015/09/Vyomax_BCAA_811_Banner.jpg,N
1217,Colossus Hardcore,N,VYO,,,,VYO,https://onlymuscle.co.uk/wp-content/uploads/2015/09/Vyomax_Colossus_Hardcore_Banner.jpg,N
1218,Hydrolysed Whey Protein,N,VYO,Protein ,Protein|Whey Protein ,Build Muscle,VYO,https://onlymuscle.co.uk/wp-content/uploads/2015/09/Vyomax_Hydrolysed_WheyProtein_Banner.jpg,N
1219,Kre-Alkalyn,N,VYO,,,,VYO,https://onlymuscle.co.uk/wp-content/uploads/2015/09/Vyomax_KreAlkalyn_Banner.jpg,N
1220,Maxi Burn Fat Burner,N,VYO,,,,VYO,https://onlymuscle.co.uk/wp-content/uploads/2015/09/Vyomax_MaxiBurnFatBurner_Banner.jpg,N
1222,"Milk, Egg & Whey Protein",N,VYO,Protein ,Protein|Protein Matrix,Build Muscle,VYO,https://onlymuscle.co.uk/wp-content/uploads/2015/09/Vyomax_MilkEggWhey_Banner.jpg,N
1223,Premium Protein,N,VYO,Protein ,Protein|Whey Protein ,Build Muscle,VYO,https://onlymuscle.co.uk/wp-content/uploads/2015/09/Vyomax_PremiumProtein_Banner.jpg,N
1224,Recover,N,VYO,,,,VYO,https://onlymuscle.co.uk/wp-content/uploads/2015/09/Vyomax_Recover_Banner.jpg,N
1225,Tribulus Terrestris,N,VYO,,,,VYO,https://onlymuscle.co.uk/wp-content/uploads/2015/09/Vyomax_TribulusTerrestris_Banner.jpg,N
1226,VyoGain Mass Builder,N,VYO,Mass Gain ,,Gain Mass,VYO,https://onlymuscle.co.uk/wp-content/uploads/2015/09/Vyomax_Vyogain_MassBuilder_Banner.jpg,N
1227,Whey Concentrate,N,VYO,Protein ,Protein|Whey Protein ,Build Muscle,VYO,https://onlymuscle.co.uk/wp-content/uploads/2015/09/Vyomax_WheyConcentrate_Banner.jpg,N
1228,Whey Isolate,N,VYO,Protein ,Protein|Whey Protein ,Build Muscle,VYO,https://onlymuscle.co.uk/wp-content/uploads/2015/09/Vyomax_WheyIsolate_Banner.jpg,N
1229,Aminotaur,N,AD,,,,BT,,N
1230,H20 Remoove,N,AD,,,,BT,,N
1231,Matador,N,AD,,,,BT,,N
1232,Raging Full,N,AD,,,,BT,,N
1233,Ravenous,N,AD,,,,BT,,N
1234,Shredabull,N,AD,,,,BT,,N
1235,Stampede Neuro,N,AD,,,,BT,,N
1236,Stampede Stim,N,AD,,,,BT,,N
1237,Synthacharge,N,AD,,,,BT,,N
1238,Tauro Test V2,N,AD,Testosterone Boosters,Fenugreek,Build muscle,BT,,N
1239,Tauro Test,N,AD,Testosterone Boosters,Fenugreek,Build muscle,BT,,N
1240,TTP - The Total Package,N,NRG,,,,NRG,https://onlymuscle.co.uk/wp-content/uploads/2015/09/NRG-Fuel_TTP_TheTotalPackage_Banner.jpg,N
1241,TTP Anabolic,N,NRG,,,,NRG,https://onlymuscle.co.uk/wp-content/uploads/2015/09/NRG-Fuel_TTP_Anabolic_Banner.jpg,N
1242,100% Whey Protein,N,NRG,Protein ,Protein|Whey Protein ,Build Muscle,NRG,https://onlymuscle.co.uk/wp-content/uploads/2015/09/NRG-100-whey-protein-banner.jpg,N
1243,Pure Protein,N,NRG,Protein ,Protein,Build Muscle,NRG,https://onlymuscle.co.uk/wp-content/uploads/2015/09/NRG-Fuel_PureProtein_Banner.jpg,N
1244,OMG Whey Protein,N,NRG,Protein ,Protein|Whey Protein ,Build Muscle,NRG,https://onlymuscle.co.uk/wp-content/uploads/2015/09/NRG-Fuel_OMG_WheyBagProtein_Banner.jpg,N
1245,Protein 5-DE,N,NRG,Protein ,Protein|Protein Matrix,Build Muscle,NRG,https://onlymuscle.co.uk/wp-content/uploads/2015/09/NRG-Fuel_Protein_5DE_Banner.jpg,N
1246,Natural Whey,N,NRG,Protein ,Protein|Whey Protein ,Build Muscle,NRG,https://onlymuscle.co.uk/wp-content/uploads/2015/09/NRG-Fuel_NaturalWhey_Banner.jpg,N
1248,Mass Gain Formula,N,NRG,Mass Gain ,,Gain Mass,NRG,https://onlymuscle.co.uk/wp-content/uploads/2015/09/NRG-Fuel_MassGainFormula_Banner.jpg,N
1249,Mass Gain Anabolic,N,NRG,Mass Gain ,,Gain Mass,NRG,https://onlymuscle.co.uk/wp-content/uploads/2015/09/NRG-Fuel_MassGainAnabolic_Banner.jpg,N
1250,Girl Power,N,NRG,,,,NRG,https://onlymuscle.co.uk/wp-content/uploads/2015/09/NRG-Fuel_GirlPower_Banner.jpg,N
1251,NO2 Nitric Oxide,N,NRG,,,,NRG,https://onlymuscle.co.uk/wp-content/uploads/2015/09/NRG-Fuel_NO2_NitricOxide_Banner.jpg,N
1252,NO2 Max Strength,N,NRG,,,,NRG,https://onlymuscle.co.uk/wp-content/uploads/2015/09/NRG-Fuel_NO2_MaxStrength_Banner.jpg,N
1253,Maltodextrin,N,NRG,,,,NRG,https://onlymuscle.co.uk/wp-content/uploads/2015/09/NRG-Fuel_Maltodextrin_Banner.jpg,N
1254,Transporter Anabolic,N,NRG,,,,NRG,https://onlymuscle.co.uk/wp-content/uploads/2015/09/NRG-Fuel_TransporterAnabolic_Banner.jpg,N
1255,L - Glutamine,N,NRG,Post workout,Glutamine ,Recovery,NRG,https://onlymuscle.co.uk/wp-content/uploads/2015/09/NRG-Fuel_LGLutamine_Banner.jpg,N
1256,BCAA & Glutamine,N,NRG,Post workout,Glutamine ,Recovery,NRG,https://onlymuscle.co.uk/wp-content/uploads/2015/09/NRG-Fuel_BCAA_Glutamine_Banner.jpg,N
1257,HY-DR8,N,NRG,,,,NRG,https://onlymuscle.co.uk/wp-content/uploads/2015/09/NRG-Fuel_HY_DR8_Banner.jpg,N
1258,Mass Pro 5-DE,N,NRG,Mass Gain ,,Gain Mass,NRG,https://onlymuscle.co.uk/wp-content/uploads/2015/09/NRG-Fuel_MassPro_5DE_Banner.jpg,N
1259,Get Ripped,N,NRG,,,,NRG,https://onlymuscle.co.uk/wp-content/uploads/2015/09/NRG-Fuel_GetRipped_Banner.jpg,N
1260,Light,N,NRG,,,,NRG,https://onlymuscle.co.uk/wp-content/uploads/2015/09/NRG-Fuel_Light_Banner.jpg,N
1261,CEE 515mg (Creatine Ethyl Ester),N,NRG,,,,NRG,https://onlymuscle.co.uk/wp-content/uploads/2015/09/NRG-Fuel_CEE515_CreatineEthylEster_Banner.jpg,N
1262,Chitosan,N,NRG,,,,NRG,https://onlymuscle.co.uk/wp-content/uploads/2015/09/NRG-Fuel_Chitosan_Banner.jpg,N
1263,Glutamine 500mg,N,NRG,Post workout,Glutamine ,Recovery,NRG,https://onlymuscle.co.uk/wp-content/uploads/2015/09/NRG-Fuel_Glutamine500_Banner.jpg,N
1264,HMB 600mg,N,NRG,,,,NRG,https://onlymuscle.co.uk/wp-content/uploads/2015/09/NRG-Fuel_HMB600_Banner.jpg,N
1265,ZMA 550mg,N,NRG,Build Muscle ,ZMA,Build muscle|Improve Workout,NRG,https://onlymuscle.co.uk/wp-content/uploads/2015/09/NRG-Fuel_ZMA550_Banner.jpg,N
1266,Creatine Monohydrate 500mg,N,NRG,,,,NRG,https://onlymuscle.co.uk/wp-content/uploads/2015/09/NRG-Fuel_CreatineMonohydrate_500_Banner.jpg,N
1267,Testo Booster,N,NRG,Testosterone Boosters,Fenugreek,Build muscle,NRG,https://onlymuscle.co.uk/wp-content/uploads/2015/09/NRG-Fuel_TestoBooster_Banner.jpg,N
1268,Thermofuel,N,NRG,,,,NRG,https://onlymuscle.co.uk/wp-content/uploads/2015/09/NRG-Fuel_Thermofuel_Banner.jpg,N
1269,Milk Thistle,N,NRG,,,,NRG,https://onlymuscle.co.uk/wp-content/uploads/2015/09/NRG-Fuel_MilkThistle_Banner.jpg,N
1270,Multi-Vitamin,N,NRG,,,,NRG,https://onlymuscle.co.uk/wp-content/uploads/2015/09/NRG-Fuel_MultiVitamin_Banner.jpg,N
1271,Raspberry ketones,N,NRG,,,,NRG,https://onlymuscle.co.uk/wp-content/uploads/2015/09/NRG-Fuel_RaspberryKetones_Banner.jpg,N
1272,Goji berry,N,NRG,,,,NRG,https://onlymuscle.co.uk/wp-content/uploads/2015/09/NRG-Fuel_GojiBerrys_Banner.jpg,N
1273,Green coffee,N,NRG,,,,NRG,https://onlymuscle.co.uk/wp-content/uploads/2015/09/NRG-Fuel_GreenCoffee_Banner.jpg,N
1274,Acai berry,N,NRG,,,,NRG,https://onlymuscle.co.uk/wp-content/uploads/2015/09/NRG-Fuel_AcaiBerry_Banner.jpg,N
1275,Xtra Burn,N,NRG,,,,NRG,https://onlymuscle.co.uk/wp-content/uploads/2015/09/NRG-Fuel_XtraBurn_Banner.jpg,N
1276,Xtra Carb,N,NRG,,,,NRG,https://onlymuscle.co.uk/wp-content/uploads/2015/09/NRG-Fuel_XtraCarb_Banner.jpg,N
1277,Protein Quench,N,NRG,Protein|Post workout,Collagen Protein,Recovery,NRG,https://onlymuscle.co.uk/wp-content/uploads/2015/09/NRG-Fuel_ProteinQuench_Banner.jpg,N
1278,Adrenocharge,N,GASP,,,,BT,,N
1279,AminoLast,N,GASP,,,,BT,,N
1280,AminoMax 8000,N,GASP,,,,BT,,N
1281,Anavite,N,GASP,,,,BT,,N
1282,BCAA 6000,N,GASP,,,,BT,,N
1283,CarniPure,N,GASP,,,,BT,,N
1284,Glutamine Powder,N,GASP,,,,BT,,N
1285,Glycofuse,N,GASP,,,,BT,,N
1286,Isofusion,N,GASP,,,,BT,,N
1287,MyoFusion Advanced Protein,N,GASP,,,,BT,,N
1288,Qualitine,N,GASP,,,,BT,,N
1289,Real Mass Advanced,N,GASP,,,,BT,,N
1290,SizeOn Maximum Performance,N,GASP,,,,BT,,N
1291,SP250,N,GASP,,,,BT,,N
1292,SuperPump Max,N,GASP,,,,BT,,N
1293,Vasotropin,N,GASP,,,,BT,,N
1294,100% Casein protein,N,OPTI,,,,BT,,N
1295,100% Gold Standard whey,N,OPTI,,,,BT,,N
1296,AmiNO Energy,N,OPTI,,,,BT,,N
1297,BCAA 1000,N,OPTI,,,,BT,,N
1298,BCAA 5000,N,OPTI,,,,BT,,N
1299,CGT,N,OPTI,,,,BT,,N
1300,CLA,N,OPTI,,,,BT,,N
1301,Complete Protein,N,OPTI,,,,BT,,N
1302,Complete Protein Bar,N,OPTI,,,,BT,,N
1303,Creatine 2500,N,OPTI,,,,BT,,N
1304,Fitness Fiber,N,OPTI,,,,BT,,N
1305,Flaxseed Oil Softgels,N,OPTI,,,,BT,,N
1306,Glutamine 1000,N,OPTI,,,,BT,,N
1307,Glutamine Powder,N,OPTI,,,,BT,,N
1308,Glycomaize,N,OPTI,,,,BT,,N
1309,Gold Standard Pre-Workout,N,OPTI,,,,BT,,N
1310,L'Carnitine 500mg,N,OPTI,,,,BT,,N
1311,Lean Whey,N,OPTI,,,,BT,,N
1312,Oats & Whey Flapjacks,N,OPTI,,,,BT,,N
1313,Opti-Men,N,OPTI,,,,BT,,N
1314,Platinum Hydro Whey,N,OPTI,,,,BT,,N
1315,Platinum Pre,N,OPTI,,,,BT,,N
1316,Pro Complex,N,OPTI,,,,BT,,N
1317,Pro Complex Gainer,N,OPTI,,,,BT,,N
1318,Recovery 2:1:1,N,OPTI,,,,BT,,N
1319,Serious Mass,N,OPTI,,,,BT,,N
1320,Superior Amino 2222,N,OPTI,,,,BT,,N
1321,Shadow-X,N,COB,,,,TROP|PB,,N
1322,Amino Injection Matrix,N,EFFE,,,,BT,,N
1323,BCAA Double Strength XTRA,N,EFFE,,,,BT,,N
1324,Creatine Powder,N,EFFE,,,,BT,,N
1325,Efectiv Mass,N,EFFE,,,,BT,,N
1326,Efectiv Sports Intrafuel,N,EFFE,,,,BT,,N
1327,Efectiv Sports Intrafuel ,N,EFFE,,,,BT,,N
1328,EFECTIV Sports ZMA,N,EFFE,,,,BT,,N
1329,EFECTIV Whey,N,EFFE,,,,BT,,N
1330,Glutamine Plus,N,EFFE,,,,BT,,N
1331,Loaded All In One,N,EFFE,,,,BT,,N
1332,Micellar Casein,N,EFFE,,,,BT,,N
1333,Omega 3 Sport,N,EFFE,,,,BT,,N
1334,Pro-Vit Sport Multivitamins,N,EFFE,,,,BT,,N
1335,Whey Dessert ,N,EFFE,,,,BT,,N
1336,Mutant Amino,N,MUTA,,,,TROP|PB,,N
1337,Mutant BCAA,N,MUTA,,,,TROP|PB,,N
1338,Mutant BCAA 9.7,N,MUTA,,,,TROP|PB,,N
1339,Mutant Creakong,N,MUTA,,,,TROP|PB,,N
1340,Mutant Madness,N,MUTA,,,,TROP|PB,,N
1341,Mutant Mass,N,MUTA,,,,TROP|PB,,N
1342,Mutant Mayhem,N,MUTA,,,,TROP|PB,,N
1343,Mutant Micellar Casein,N,MUTA,,,,TROP|PB,,N
1344,Mutant ONE,N,MUTA,,,,TROP|PB,,N
1345,Mutant Pro 100,N,MUTA,,,,TROP|PB,,N
1346,Mutant Pump,N,MUTA,,,,TROP|PB,,N
1347,Mutant Rehab,N,MUTA,,,,TROP|PB,,N
1348,Mutant Stimutant,N,MUTA,,,,TROP|PB,,N
1349,Mutant Test,N,MUTA,,,,TROP|PB,,N
1350,Mutant Whey,N,MUTA,,,,TROP|PB,,N
1351,Energy Boost 4:1,N,NUTS,,,,TROP,,N
1352,Glutamine Powder,N,NUTS,,,,TROP,,N
1353,Glutamine Tablets,N,NUTS,,,,TROP,,N
1354,MRP 60:30,N,NUTS,,,,TROP,,N
1355,Protein Bombs,N,NUTS,,,,TROP,,N
1356,Whey Aminos,N,NUTS,,,,TROP,,N
1357,MRI Anabolic Shift,N,MRI,,,,PB,,N
1358,MRI Beta Charge,N,MRI,,,,PB,,N
1359,MRI Black Powder,N,MRI,,,,PB,,N
1360,MRI Black Powder Ultra,N,MRI,,,,PB,,N
1361,MRI CO-H2O,N,MRI,,,,PB,,N
1362,MRI  NO2 Black,N,MRI,,,,PB,,N
1363,MRI NO2 Black Full Cycle,N,MRI,,,,PB,,N
1364,MRI NO2 Red Extreme ,N,MRI,,,,PB,,N
1365,MRI Pro NOS,N,MRI,,,,PB,,N
1366,MRI Immune Fit,N,MRI,,,,PB,,N
1367,MRI Surge,N,MRI,,,,PB,,N
1368,MRI War,N,MRI,,,,PB,,N
1369,Quest protein bar,N,QUES,,,,BT|TROP|PB,,N
1370,Quest Cravings Cups,N,QUES,,,,BT|TROP|PB,,N
1371,Quest Protein Chips ,N,QUES,,,,BT|TROP|PB,,N
1372,AMINOx,N,BSN,,,,TROP|BT|PB,,N
1373,BSN BCAA DNA,N,BSN,,,,TROP|BT|PB,,N
1374,BSN Cell Mass 2.0,N,BSN,,,,TROP|BT|PB,,N
1375,BSN Creatine DNA,N,BSN,,,,TROP|BT|PB,,N
1376,BSN Glutamine DNA,N,BSN,,,,TROP|BT|PB,,N
1377,BSN N.O-Xplode 3.0,N,BSN,,,,TROP|BT|PB,,N
1378,BSN Nitrix,N,BSN,,,,TROP|BT|PB,,N
1379,BSN Syntha-6,N,BSN,,,,TROP|BT|PB,,N
1380,BSN Syntha-6 Bars,N,BSN,,,,TROP|BT|PB,,N
1381,BSN Syntha-6 Edge,N,BSN,,,,TROP|BT|PB,,N
1382,BSN True Mass 1200,N,BSN,,,,TROP|BT|PB,,N
1383,BSN True-Mass,N,BSN,,,,TROP|BT|PB,,N
1384,BSN Whey DNA,N,BSN,,,,TROP|BT|PB,,N
1385,Prosupps Amino Linx,N,PRSP,,,,BT|PB,,N
1386,Prosupps Amino XXIII,N,PRSP,,,,BT|PB,,N
1387,Prosupps Dr. Jekyll,N,PRSP,,,,BT|PB,,N
1388,Prosupps Guardian,N,PRSP,,,,BT|PB,,N
1389,Prosupps Halotropin,N,PRSP,,,,BT|PB,,N
1390,Prosupps L-Carnitine 1500,N,PRSP,,,,BT|PB,,N
1391,Prosupps Mr. Hyde,N,PRSP,,,,BT|PB,,N
1392,Prosupps Creatine,N,PRSP,,,,BT|PB,,N
1393,Prosupps I-Load,N,PRSP,,,,BT|PB,,N
1394,Prosupps Mr Hyde Energy Shots,N,PRSP,,,,BT|PB,,N
1395,Prosupps Mr Hyde Pre-Workout,N,PRSP,,,,BT|PB,,N
1396,Prosupps NO3 Drive,N,PRSP,,,,BT|PB,,N
1397,Prosupps PS Isolate,N,PRSP,,,,BT|PB,,N
1398,Prosupps PS Whey,N,PRSP,,,,BT|PB,,N
1399,Prosupps Pure Karbolyn,N,PRSP,,,,BT|PB,,N
1400,RSP AgmaGen,N,RSP,,,,TROP|PB,,N
1401,RSP Fast Fuel,N,RSP,,,,TROP|PB,,N
1402,RSP GlutaGen,N,RSP,,,,TROP|PB,,N
1403,RSP Glutamine,N,RSP,,,,TROP|PB,,N
1404,RSP ReGen,N,RSP,,,,TROP|PB,,N
1405,USN 19-Anabol Testo,N,USN,,,,PB|TROP|PROL,,N
1406,USN Active Joint Plex,N,USN,,,,PB|TROP|PROL,,N
1407,USN Active Spring Water,N,USN,,,,PB|TROP|PROL,,N
1408,USN Amino Pro Nano-Stack,N,USN,,,,PB|TROP|PROL,,N
1409,USN Anabolic Nitro X4,N,USN,,,,PB|TROP|PROL,,N
1410,USN B4-Bomb,N,USN,,,,PB|TROP|PROL,,N
1411,USN BCAA Amino-Gro,N,USN,,,,PB|TROP|PROL,,N
1412,USN BCAA Power Punch,N,USN,,,,PB|TROP|PROL,,N
1413,USN BCAA Syntho Stack,N,USN,,,,PB|TROP|PROL,,N
1414,USN Body Makeover Starter Pack,N,USN,,,,PB|TROP|PROL,,N
1415,USN CLA Green Tea,N,USN,,,,PB|TROP|PROL,,N
1416,USN CLA Pure 1000,N,USN,,,,PB|TROP|PROL,,N
1417,USN CLA Thermo,N,USN,,,,PB|TROP|PROL,,N
1418,USN CREA-X4,N,USN,,,,PB|TROP|PROL,,N
1419,USN Casein,N,USN,,,,PB|TROP|PROL,,N
1420,USN Collagen + CLA,N,USN,,,,PB|TROP|PROL,,N
1421,USN Creatine Anabolic,N,USN,,,,PB|TROP|PROL,,N
1422,USN Creatine Monohydrate,N,USN,,,,PB|TROP|PROL,,N
1423,USN Creatine X4,N,USN,,,,PB|TROP|PROL,,N
1424,USN Diet Fuel Protein Soup,N,USN,,,,PB|TROP|PROL,,N
1425,USN Diet Fuel Ultralean,N,USN,,,,PB|TROP|PROL,,N
1426,USN Diet Fuel Ultralean RTD,N,USN,,,,PB|TROP|PROL,,N
1427,USN Diet Whey Bar,N,USN,,,,PB|TROP|PROL,,N
1428,USN Endurance Cyto Power HP,N,USN,,,,PB|TROP|PROL,,N
1429,USN Endurance Epic Pro All In One,N,USN,,,,PB|TROP|PROL,,N
1430,USN Endurance R3 Excell,N,USN,,,,PB|TROP|PROL,,N
1431,USN Endurance VO2 Max,N,USN,,,,PB|TROP|PROL,,N
1432,USN Ener-G,N,USN,,,,PB|TROP|PROL,,N
1433,USN HMB 1000,N,USN,,,,PB|TROP|PROL,,N
1434,USN Hardcore Whey GH,N,USN,,,,PB|TROP|PROL,,N
1435,USN Hyperbolic Mass,N,USN,,,,PB|TROP|PROL,,N
1436,USN Lean 8 Multi-Phase Protein,N,USN,,,,PB|TROP|PROL,,N
1437,USN Multi Plex,N,USN,,,,PB|TROP|PROL,,N
1438,USN Muscle Fuel Anabolic,N,USN,,,,PB|TROP|PROL,,N
1439,USN Muscle Fuel Anabolic Bars,N,USN,,,,PB|TROP|PROL,,N
1440,USN Muscle Fuel Anabolic Shake & Take,N,USN,,,,PB|TROP|PROL,,N
1441,USN Muscle Fuel Mass,N,USN,,,,PB|TROP|PROL,,N
1442,USN Muscle Fuel STS,N,USN,,,,PB|TROP|PROL,,N
1443,USN Muscle Fuel STS Bars,N,USN,,,,PB|TROP|PROL,,N
1444,USN Muscle Matrix,N,USN,,,,PB|TROP|PROL,,N
1445,USN Protein Delite,N,USN,,,,PB|TROP|PROL,,N
1446,USN Protein Delite,N,USN,,,,PB|TROP|PROL,,N
1447,USN Protein Delite Yoghurt Bars,N,USN,,,,PB|TROP|PROL,,N
1448,USN Protein Dessert,N,USN,,,,PB|TROP|PROL,,N
1449,USN Protein Fuel 25,N,USN,,,,PB|TROP|PROL,,N
1450,USN Protein Fuel 50,N,USN,,,,PB|TROP|PROL,,N
1451,USN Protein Mousse,N,USN,,,,PB|TROP|PROL,,N
1452,"USN Protein, Seeds & Nuts Energy Bar",N,USN,,,,PB|TROP|PROL,,N
1453,USN Pure Glutamine,N,USN,,,,PB|TROP|PROL,,N
1454,USN Pure Protein Bars,N,USN,,,,PB|TROP|PROL,,N
1455,USN Pure Protein GF-1,N,USN,,,,PB|TROP|PROL,,N
1456,USN Shaker,N,USN,,,,PB|TROP|PROL,,N
1457,USN Spike,N,USN,,,,PB|TROP|PROL,,N
1458,USN Spike Sugar Free,N,USN,,,,PB|TROP|PROL,,N
1459,USN Stainless Steel Shaker,N,USN,,,,PB|TROP|PROL,,N
1460,USN Tornado Shaker,N,USN,,,,PB|TROP|PROL,,N
1461,USN Tri Omega EFA,N,USN,,,,PB|TROP|PROL,,N
1462,USN Ultra Lean Diet Whey,N,USN,,,,PB|TROP|PROL,,N
1463,USN Ultra Premium Isolate,N,USN,,,,PB|TROP|PROL,,N
1464,USN Weighing Scales,N,USN,,,,PB|TROP|PROL,,N
1465,USN Whey & Oats,N,USN,,,,PB|TROP|PROL,,N
1466,USN Whey Protein Premium,N,USN,,,,PB|TROP|PROL,,N
1467,USN Xedra Cut Ultra XT,N,USN,,,,PB|TROP|PROL,,N
1468,USN Xedra-Cut Hardcore,N,USN,,,,PB|TROP|PROL,,N
1469,USN Xedra-Cut Slim Pack,N,USN,,,,PB|TROP|PROL,,N
1470,USN ZMA,N,USN,,,,PB|TROP|PROL,,N
1471,Olimp 100% Natural Whey Protein Concentrate,N,Olimp,,,,PB,,N
1472,Olimp AAKG 7500 Extreme Shot,N,Olimp,,,,PB,,N
1473,Olimp AAKG Extreme Mega Caps,N,Olimp,,,,PB,,N
1474,Olimp AAKG Xplode,N,Olimp,,,,PB,,N
1475,Olimp Ala 200,N,Olimp,,,,PB,,N
1476,Olimp Alkagen,N,Olimp,,,,PB,,N
1477,Olimp Amino EAAnabol Xplode,N,Olimp,,,,PB,,N
1478,Olimp Amok,N,Olimp,,,,PB,,N
1479,Olimp Anabolic Amino 5500,N,Olimp,,,,PB,,N
1480,Olimp Anabolic Amino 9000,N,Olimp,,,,PB,,N
1481,Olimp Argi Power 1500,N,Olimp,,,,PB,,N
1482,Olimp BCAA 4000 Extreme Shot,N,Olimp,,,,PB,,N
1483,Olimp BCAA Mega Caps,N,Olimp,,,,PB,,N
1484,Olimp BCAA Xplode,N,Olimp,,,,PB,,N
1485,Olimp Beta Alanine Xplode,N,Olimp,,,,PB,,N
1486,"Olimp Beta Alanine, Carno Rush",N,Olimp,,,,PB,,N
1487,Olimp Carbonizer XR,N,Olimp,,,,PB,,N
1488,Olimp Carbonox,N,Olimp,,,,PB,,N
1489,Olimp Collaregen,N,Olimp,,,,PB,,N
1490,Olimp Creatine 1000,N,Olimp,,,,PB,,N
1491,Olimp Creatine Magna Power,N,Olimp,,,,PB,,N
1492,Olimp Creatine Mega Caps,N,Olimp,,,,PB,,N
1493,Olimp Creatine Mono Power Xplode,N,Olimp,,,,PB,,N
1494,Olimp Creatine Monohydrate Creapure,N,Olimp,,,,PB,,N
1495,Olimp Creatine Strong Matrix 7,N,Olimp,,,,PB,,N
1496,Olimp Creatine Xplode,N,Olimp,,,,PB,,N
1497,Olimp DAA Xtreme Prolact-Block,N,Olimp,,,,PB,,N
1498,Olimp Dextrex Juice,N,Olimp,,,,PB,,N
1499,Olimp Extreme Speed Shot,N,Olimp,,,,PB,,N
1500,Olimp Fire Start,N,Olimp,,,,PB,,N
1501,Olimp Gain Bolic 6000,N,Olimp,,,,PB,,N
1502,Olimp Gainer MCT,N,Olimp,,,,PB,,N
1503,Olimp Gainerator,N,Olimp,,,,PB,,N
1504,Olimp Glutamine Mega Caps,N,Olimp,,,,PB,,N
1505,Olimp Glutamine Xplode ,N,Olimp,,,,PB,,N
1506,Olimp Gold BEEF-PRO PLASMA,N,Olimp,,,,PB,,N
1507,Olimp Gold BEEF-PRO-TEIN,N,Olimp,,,,PB,,N
1508,"Olimp Gold Omega 3, Sport Edition",N,Olimp,,,,PB,,N
1509,Olimp Gold VITA-MIN anti-OX super sport,N,Olimp,,,,PB,,N
1510,Olimp HMB 650,N,Olimp,,,,PB,,N
1511,Olimp HMB Mega Caps,N,Olimp,,,,PB,,N
1512,"Olimp HMBolon NX,",N,Olimp,,,,PB,,N
1513,Olimp Hydratonic,N,Olimp,,,,PB,,N
1514,Olimp Iso Plus,N,Olimp,,,,PB,,N
1515,Olimp Kre-Alkalyn 1500,N,Olimp,,,,PB,,N
1516,Olimp Kre-Alkalyn Mega Caps,N,Olimp,,,,PB,,N
1517,Olimp L-Carnitine 1500 Extreme ,N,Olimp,,,,PB,,N
1518,Olimp L-Carnitine 3000 Extreme Shot,N,Olimp,,,,PB,,N
1519,Olimp L-Carnitine 500 Forte Plus,N,Olimp,,,,PB,,N
1520,Olimp L-Carnitine Plus,N,Olimp,,,,PB,,N
1521,Olimp L-Glutamine Powder,N,Olimp,,,,PB,,N
1522,Olimp Massacra Episode 3,N,Olimp,,,,PB,,N
1523,Olimp Matrix Pro 32,N,Olimp,,,,PB,,N
1524,Olimp MaxMass 3XL,N,Olimp,,,,PB,,N
1525,Olimp MCT Oil,N,Olimp,,,,PB,,N
1526,Olimp Mega Strong Protein,N,Olimp,,,,PB,,N
1527,Olimp Pro Amino Xplode Powder,N,Olimp,,,,PB,,N
1528,Olimp Pro Whey Shake,N,Olimp,,,,PB,,N
1529,Olimp Profi Mass,N,Olimp,,,,PB,,N
1530,Olimp Provit 80,N,Olimp,,,,PB,,N
1531,Olimp Pump Express 2.0,N,Olimp,,,,PB,,N
1532,Olimp Pure Whey Isolate 95,N,Olimp,,,,PB,,N
1533,Olimp RedWeiler,N,Olimp,,,,PB,,N
1534,Olimp Resurrector,N,Olimp,,,,PB,,N
1535,Olimp Sojavit 85,N,Olimp,,,,PB,,N
1536,Olimp Stand-By,N,Olimp,,,,PB,,N
1537,Olimp System Protein 80,N,Olimp,,,,PB,,N
1538,Olimp Taurine Mega Caps,N,Olimp,,,,PB,,N
1539,Olimp TCM 1100,N,Olimp,,,,PB,,N
1540,Olimp TCM Xplode,N,Olimp,,,,PB,,N
1541,Olimp Therm Line 2,N,Olimp,,,,PB,,N
1542,Olimp Thermo Speed Extreme,N,Olimp,,,,PB,,N
1543,Olimp Thermo Speed Hardcore,N,Olimp,,,,PB,,N
1544,Olimp Tribusteron 60,N,Olimp,,,,PB,,N
1545,Olimp Thermo Stim,N,Olimp,,,,PB,,N
1546,Olimp Thermo Stim Hardcore,N,Olimp,,,,PB,,N
1547,Olimp Vita-Min Multiple Sport,N,Olimp,,,,PB,,N
1548,Olimp W.A.S. Whey Amino Shake Xplode Powder,N,Olimp,,,,PB,,N
1549,Olimp Whey Protein Complex 100%,N,Olimp,,,,PB,,N
1550,Olimp ZMA,N,Olimp,,,,PB,,N